Model,SerialNumber,POWER KW,Power HP,Q(m3/h),"Head(m)
",V,"Discharge Diameter(Outlet)
",HERTZ,material,RPM,Link
FSG80/50-12/4T316L,0032323323,4,5.5,24.14,21.2,380,3,60,SS316,3450,https://drive.google.com/file/d/1Vw_zn98MiPB5Qz9kOOdSfE9um9j0aSDl/view?usp=share_link
FSG80/50-12/4T316L,0032323323,4,5.5,5.21,20.3,380,3,60,SS316,3450,https://drive.google.com/file/d/1Vw_zn98MiPB5Qz9kOOdSfE9um9j0aSDl/view?usp=share_link
FSG80/50-12/4T316L,0032323323,4,5.5,10.04,19.4,380,3,60,SS316,3450,https://drive.google.com/file/d/1Vw_zn98MiPB5Qz9kOOdSfE9um9j0aSDl/view?usp=share_link
FSG80/50-12/4T316L,0032323323,4,5.5,14.77,18.8,380,3,60,SS316,3450,https://drive.google.com/file/d/1Vw_zn98MiPB5Qz9kOOdSfE9um9j0aSDl/view?usp=share_link
FSG80/50-12/4T316L,0032323323,4,5.5,19.6,17.9,380,3,60,SS316,3450,https://drive.google.com/file/d/1Vw_zn98MiPB5Qz9kOOdSfE9um9j0aSDl/view?usp=share_link
FSG80/50-12/4T316L,0032323323,4,5.5,24.7,17,380,3,60,SS316,3450,https://drive.google.com/file/d/1Vw_zn98MiPB5Qz9kOOdSfE9um9j0aSDl/view?usp=share_link
FSG80/50-12/4T316L,0032323323,4,5.5,29.33,16,380,3,60,SS316,3450,https://drive.google.com/file/d/1Vw_zn98MiPB5Qz9kOOdSfE9um9j0aSDl/view?usp=share_link
FSG80/50-12/4T316L,0032323323,4,5.5,34.14,15.4,380,3,60,SS316,3450,https://drive.google.com/file/d/1Vw_zn98MiPB5Qz9kOOdSfE9um9j0aSDl/view?usp=share_link
FSG80/50-12/4T316L,0032323323,4,5.5,39.34,14.8,380,3,60,SS316,3450,https://drive.google.com/file/d/1Vw_zn98MiPB5Qz9kOOdSfE9um9j0aSDl/view?usp=share_link
FSG80/50-12/4T316L,0032323323,4,5.5,44.67,13.9,380,3,60,SS316,3450,https://drive.google.com/file/d/1Vw_zn98MiPB5Qz9kOOdSfE9um9j0aSDl/view?usp=share_link
FSG80/50-12/4T316L,0032323323,4,5.5,49.53,12.4,380,3,60,SS316,3450,https://drive.google.com/file/d/1Vw_zn98MiPB5Qz9kOOdSfE9um9j0aSDl/view?usp=share_link
FSG80/50-12/4T316L,0032323323,4,5.5,53.55,12.3,380,3,60,SS316,3450,https://drive.google.com/file/d/1Vw_zn98MiPB5Qz9kOOdSfE9um9j0aSDl/view?usp=share_link
FSG80/50-12/4T316L,0032323323,4,5.5,58.55,11.2,380,3,60,SS316,3450,https://drive.google.com/file/d/1Vw_zn98MiPB5Qz9kOOdSfE9um9j0aSDl/view?usp=share_link
FSG80/50-12/4T316L,0032323323,4,5.5,68.36,8.3,380,3,60,SS316,3450,https://drive.google.com/file/d/1Vw_zn98MiPB5Qz9kOOdSfE9um9j0aSDl/view?usp=share_link
