Model,SerialNumber,POWER KW,Power HP,Q(m3/h),Head(m),V,Discharge Diameter(Outlet),HERTZ,material,RPM,Link
FETA-N100-80-160/11T,"0082803333	",11,15,60,25,220-380,2.5,60,SS316,3500,https://drive.google.com/file/d/1-5RmANICFfROZXdDB5k29n-NydPtQveY/view?usp=drive_link
FETA-N100-80-160/11T,"0082803333	",11,15,100,24,220-380,2.5,60,SS316,3500,https://drive.google.com/file/d/1-5RmANICFfROZXdDB5k29n-NydPtQveY/view?usp=drive_link
FETA-N100-80-160/11T,"0082803333	",11,15,120,22,220-380,2.5,60,SS316,3500,https://drive.google.com/file/d/1-5RmANICFfROZXdDB5k29n-NydPtQveY/view?usp=drive_link
FETA-N100-80-160/11T,"0082803333	",11,15,140,20,220-380,2.5,60,SS316,3500,https://drive.google.com/file/d/1-5RmANICFfROZXdDB5k29n-NydPtQveY/view?usp=drive_link
FETA-N100-80-160/11T,"0082803333	",11,15,160,18,220-380,2.5,60,SS316,3500,https://drive.google.com/file/d/1-5RmANICFfROZXdDB5k29n-NydPtQveY/view?usp=drive_link
FETA-N100-80-160/11T,"0082803333	",11,15,180,15,220-380,2.5,60,SS316,3500,https://drive.google.com/file/d/1-5RmANICFfROZXdDB5k29n-NydPtQveY/view?usp=drive_link
,,,,,,,,,,,
,,,,,,,,,,,
,,,,,,,,,,,
